[{"topK": 401, "alpha": 0.08493203779920956, "beta": 1.3114998383600796, "normalize_similarity": false}, {"topK": 391, "alpha": 0.2500561050061723, "beta": 1.3996959277640764, "normalize_similarity": true}, {"topK": 500, "alpha": 0.44125708325269886, "beta": 1.6649988873144945, "normalize_similarity": true}, {"topK": 797, "alpha": 1.778531247088807, "beta": 1.3097566945036936, "normalize_similarity": true}, {"topK": 455, "alpha": 1.183404361021668, "beta": 0.15723419572754652, "normalize_similarity": false}, {"topK": 329, "alpha": 1.9493469008714754, "beta": 0.0004553076705504645, "normalize_similarity": false}, {"topK": 563, "alpha": 1.703307742760586, "beta": 0.407348321963068, "normalize_similarity": true}, {"topK": 1000, "alpha": 0.0, "beta": 0.26260913849688816, "normalize_similarity": true}, {"topK": 959, "alpha": 1.48623570219851, "beta": 0.8319862729826711, "normalize_similarity": true}, {"topK": 105, "alpha": 0.16234637900219603, "beta": 1.9998611579739287, "normalize_similarity": true}, {"topK": 950, "alpha": 1.9671458819224155, "beta": 1.060264666437162, "normalize_similarity": false}, {"topK": 180, "alpha": 0.004862307717262705, "beta": 0.01441422942838089, "normalize_similarity": true}, {"topK": 436, "alpha": 1.9524209735013796, "beta": 1.9993872118437575, "normalize_similarity": false}, {"topK": 953, "alpha": 0.0, "beta": 0.12144995920486054, "normalize_similarity": false}, {"topK": 5, "alpha": 0.0, "beta": 0.29751673790782107, "normalize_similarity": false}, {"topK": 5, "alpha": 0.0, "beta": 0.0, "normalize_similarity": false}, {"topK": 546, "alpha": 1.0710489795398732, "beta": 0.0023149092927288177, "normalize_similarity": true}, {"topK": 714, "alpha": 1.9599421774996184, "beta": 0.0018582319660540585, "normalize_similarity": true}, {"topK": 992, "alpha": 1.981164407492449, "beta": 1.99113930503486, "normalize_similarity": true}, {"topK": 1000, "alpha": 0.0, "beta": 0.15867865846622972, "normalize_similarity": false}, {"topK": 1000, "alpha": 0.0, "beta": 0.2101737667665077, "normalize_similarity": false}, {"topK": 1000, "alpha": 0.0, "beta": 0.42917792263917476, "normalize_similarity": false}, {"topK": 957, "alpha": 0.05182234235800977, "beta": 0.7095385633004371, "normalize_similarity": false}, {"topK": 1000, "alpha": 0.0, "beta": 0.37001165377401446, "normalize_similarity": false}, {"topK": 1000, "alpha": 0.4553066527985402, "beta": 0.4624548412749321, "normalize_similarity": false}, {"topK": 993, "alpha": 0.014639547748205733, "beta": 1.764633402240472, "normalize_similarity": false}, {"topK": 135, "alpha": 0.023834185641301655, "beta": 0.5426439064603549, "normalize_similarity": true}, {"topK": 770, "alpha": 1.9960562427563764, "beta": 1.5418721516302607, "normalize_similarity": false}, {"topK": 99, "alpha": 1.9578408566586405, "beta": 0.6347298648382506, "normalize_similarity": false}, {"topK": 1000, "alpha": 0.0, "beta": 0.4681080295921849, "normalize_similarity": false}, {"topK": 527, "alpha": 0.0069184110311852915, "beta": 1.0301406067067076, "normalize_similarity": true}, {"topK": 37, "alpha": 0.05129432534959767, "beta": 0.46748339847772347, "normalize_similarity": false}, {"topK": 9, "alpha": 1.9353213240581553, "beta": 0.183024548338969, "normalize_similarity": true}, {"topK": 1000, "alpha": 0.0, "beta": 0.46057620912940245, "normalize_similarity": false}, {"topK": 1000, "alpha": 0.0, "beta": 0.5411425546679695, "normalize_similarity": false}]