[{"topK": 89, "alpha": 0.15574929124087136, "beta": 1.0194635362240347, "normalize_similarity": false}, {"topK": 76, "alpha": 0.9847958115824518, "beta": 0.7825858575971034, "normalize_similarity": true}, {"topK": 312, "alpha": 1.790943469520275, "beta": 0.7484666586350547, "normalize_similarity": false}, {"topK": 175, "alpha": 1.114131782245872, "beta": 0.7628789750944187, "normalize_similarity": false}, {"topK": 655, "alpha": 0.4384295446401797, "beta": 1.287105196784764, "normalize_similarity": false}, {"topK": 978, "alpha": 2.0, "beta": 1.9784604285556895, "normalize_similarity": true}, {"topK": 250, "alpha": 0.36313571975447273, "beta": 0.03824009699505316, "normalize_similarity": true}, {"topK": 1000, "alpha": 2.0, "beta": 0.0, "normalize_similarity": false}, {"topK": 1000, "alpha": 2.0, "beta": 0.0, "normalize_similarity": true}, {"topK": 5, "alpha": 2.0, "beta": 0.0, "normalize_similarity": true}, {"topK": 1000, "alpha": 0.0, "beta": 0.0, "normalize_similarity": true}, {"topK": 667, "alpha": 0.0, "beta": 0.0, "normalize_similarity": true}, {"topK": 1000, "alpha": 0.6500708779155894, "beta": 0.0, "normalize_similarity": true}, {"topK": 1000, "alpha": 0.0, "beta": 0.24997359272093783, "normalize_similarity": true}, {"topK": 1000, "alpha": 0.0, "beta": 0.0, "normalize_similarity": false}, {"topK": 5, "alpha": 0.0, "beta": 0.0, "normalize_similarity": false}, {"topK": 5, "alpha": 0.0, "beta": 2.0, "normalize_similarity": true}, {"topK": 1000, "alpha": 0.0, "beta": 0.0, "normalize_similarity": false}, {"topK": 713, "alpha": 0.0, "beta": 0.0, "normalize_similarity": false}, {"topK": 563, "alpha": 0.49398273097573286, "beta": 0.017522237304832492, "normalize_similarity": false}, {"topK": 824, "alpha": 0.28322795635204856, "beta": 0.0, "normalize_similarity": false}, {"topK": 588, "alpha": 0.968456889628544, "beta": 0.0, "normalize_similarity": true}, {"topK": 1000, "alpha": 2.0, "beta": 0.5778820875095125, "normalize_similarity": true}, {"topK": 632, "alpha": 0.2171723172665232, "beta": 0.0, "normalize_similarity": false}, {"topK": 790, "alpha": 0.0, "beta": 0.0966475111543877, "normalize_similarity": false}, {"topK": 858, "alpha": 0.0, "beta": 0.021407073845384213, "normalize_similarity": false}, {"topK": 483, "alpha": 0.0, "beta": 0.2091803177794706, "normalize_similarity": false}, {"topK": 1000, "alpha": 0.0, "beta": 0.4271617363975451, "normalize_similarity": false}, {"topK": 1000, "alpha": 0.8244664602409668, "beta": 0.0, "normalize_similarity": false}, {"topK": 689, "alpha": 0.3499430297220313, "beta": 0.12401853153896522, "normalize_similarity": false}, {"topK": 23, "alpha": 1.921111078292313, "beta": 1.9475586046158722, "normalize_similarity": false}, {"topK": 1000, "alpha": 0.0, "beta": 2.0, "normalize_similarity": false}, {"topK": 646, "alpha": 0.0, "beta": 0.07277287929145618, "normalize_similarity": false}, {"topK": 808, "alpha": 0.0, "beta": 0.0, "normalize_similarity": false}, {"topK": 412, "alpha": 0.023657074570421883, "beta": 0.32689193335890426, "normalize_similarity": true}]