[{"topK": 490, "shrink": 891, "similarity": "tversky", "normalize": true, "tversky_alpha": 1.7910666672519697, "tversky_beta": 0.5848577879660853}, {"topK": 319, "shrink": 880, "similarity": "tversky", "normalize": true, "tversky_alpha": 1.0613089001065517, "tversky_beta": 0.05188790966541103}, {"topK": 664, "shrink": 94, "similarity": "tversky", "normalize": true, "tversky_alpha": 0.7412337097706166, "tversky_beta": 0.438700489508585}, {"topK": 418, "shrink": 197, "similarity": "tversky", "normalize": true, "tversky_alpha": 0.6517683477535793, "tversky_beta": 0.7792767078299163}, {"topK": 831, "shrink": 925, "similarity": "tversky", "normalize": true, "tversky_alpha": 0.5033349874370953, "tversky_beta": 0.9795489488760281}, {"topK": 41, "shrink": 1000, "similarity": "tversky", "normalize": true, "tversky_alpha": 0.0, "tversky_beta": 0.5842315131546412}, {"topK": 120, "shrink": 942, "similarity": "tversky", "normalize": true, "tversky_alpha": 2.0, "tversky_beta": 0.14154607348351209}, {"topK": 1000, "shrink": 980, "similarity": "tversky", "normalize": true, "tversky_alpha": 0.06101195455442728, "tversky_beta": 1.0605109872068499}, {"topK": 1000, "shrink": 841, "similarity": "tversky", "normalize": true, "tversky_alpha": 0.05230891017749289, "tversky_beta": 0.0}, {"topK": 119, "shrink": 0, "similarity": "tversky", "normalize": true, "tversky_alpha": 1.894875520895678, "tversky_beta": 1.6236511750795544}, {"topK": 1000, "shrink": 950, "similarity": "tversky", "normalize": true, "tversky_alpha": 1.8572706763925715, "tversky_beta": 2.0}, {"topK": 1000, "shrink": 466, "similarity": "tversky", "normalize": true, "tversky_alpha": 0.0, "tversky_beta": 0.06548010833776988}, {"topK": 5, "shrink": 566, "similarity": "tversky", "normalize": true, "tversky_alpha": 0.0, "tversky_beta": 1.9133936611657103}, {"topK": 793, "shrink": 926, "similarity": "tversky", "normalize": true, "tversky_alpha": 1.942311417650034, "tversky_beta": 2.0}, {"topK": 5, "shrink": 313, "similarity": "tversky", "normalize": true, "tversky_alpha": 1.8878494094971312, "tversky_beta": 0.0}, {"topK": 913, "shrink": 1000, "similarity": "tversky", "normalize": true, "tversky_alpha": 0.0, "tversky_beta": 0.0}, {"topK": 686, "shrink": 1000, "similarity": "tversky", "normalize": true, "tversky_alpha": 0.0, "tversky_beta": 0.0}, {"topK": 1000, "shrink": 0, "similarity": "tversky", "normalize": true, "tversky_alpha": 0.0, "tversky_beta": 0.0}, {"topK": 542, "shrink": 541, "similarity": "tversky", "normalize": true, "tversky_alpha": 0.0, "tversky_beta": 0.0}, {"topK": 829, "shrink": 620, "similarity": "tversky", "normalize": true, "tversky_alpha": 0.0, "tversky_beta": 2.0}, {"topK": 382, "shrink": 541, "similarity": "tversky", "normalize": true, "tversky_alpha": 0.01435361138445791, "tversky_beta": 1.797862073608154}, {"topK": 438, "shrink": 461, "similarity": "tversky", "normalize": true, "tversky_alpha": 2.0, "tversky_beta": 0.0}, {"topK": 442, "shrink": 1000, "similarity": "tversky", "normalize": true, "tversky_alpha": 0.0, "tversky_beta": 2.0}, {"topK": 1000, "shrink": 505, "similarity": "tversky", "normalize": true, "tversky_alpha": 2.0, "tversky_beta": 1.9965596316559102}, {"topK": 539, "shrink": 803, "similarity": "tversky", "normalize": true, "tversky_alpha": 0.0, "tversky_beta": 2.0}, {"topK": 1000, "shrink": 630, "similarity": "tversky", "normalize": true, "tversky_alpha": 0.0, "tversky_beta": 2.0}, {"topK": 466, "shrink": 350, "similarity": "tversky", "normalize": true, "tversky_alpha": 0.006099689891050409, "tversky_beta": 1.659660221369884}, {"topK": 762, "shrink": 813, "similarity": "tversky", "normalize": true, "tversky_alpha": 0.0, "tversky_beta": 0.0}, {"topK": 296, "shrink": 993, "similarity": "tversky", "normalize": true, "tversky_alpha": 1.8297805302294372, "tversky_beta": 1.9388091571408013}, {"topK": 403, "shrink": 13, "similarity": "tversky", "normalize": true, "tversky_alpha": 0.017449256805838868, "tversky_beta": 1.0538349793996167}, {"topK": 291, "shrink": 986, "similarity": "tversky", "normalize": true, "tversky_alpha": 0.07646398805389086, "tversky_beta": 0.2089448942420621}, {"topK": 309, "shrink": 340, "similarity": "tversky", "normalize": true, "tversky_alpha": 0.010385880521766923, "tversky_beta": 0.09410798148017799}, {"topK": 925, "shrink": 672, "similarity": "tversky", "normalize": true, "tversky_alpha": 0.815657093508827, "tversky_beta": 0.04670329685056141}, {"topK": 729, "shrink": 398, "similarity": "tversky", "normalize": true, "tversky_alpha": 0.007660104955085069, "tversky_beta": 1.9904344764062805}, {"topK": 714, "shrink": 538, "similarity": "tversky", "normalize": true, "tversky_alpha": 0.0, "tversky_beta": 0.0}]