[{"topK": 229, "shrink": 786, "similarity": "asymmetric", "normalize": true, "asymmetric_alpha": 1.6353130307164268, "feature_weighting": "none"}, {"topK": 20, "shrink": 697, "similarity": "asymmetric", "normalize": true, "asymmetric_alpha": 1.9703862676729866, "feature_weighting": "none"}, {"topK": 810, "shrink": 76, "similarity": "asymmetric", "normalize": true, "asymmetric_alpha": 0.7143463084072766, "feature_weighting": "TF-IDF"}, {"topK": 959, "shrink": 890, "similarity": "asymmetric", "normalize": true, "asymmetric_alpha": 0.8380236303653077, "feature_weighting": "TF-IDF"}, {"topK": 115, "shrink": 72, "similarity": "asymmetric", "normalize": true, "asymmetric_alpha": 1.9560759120403923, "feature_weighting": "none"}, {"topK": 169, "shrink": 1000, "similarity": "asymmetric", "normalize": true, "asymmetric_alpha": 0.27585233433654816, "feature_weighting": "BM25"}, {"topK": 995, "shrink": 0, "similarity": "asymmetric", "normalize": true, "asymmetric_alpha": 0.3100521364970899, "feature_weighting": "BM25"}, {"topK": 68, "shrink": 434, "similarity": "asymmetric", "normalize": true, "asymmetric_alpha": 1.90378941324526, "feature_weighting": "BM25"}, {"topK": 49, "shrink": 383, "similarity": "asymmetric", "normalize": true, "asymmetric_alpha": 0.0, "feature_weighting": "BM25"}, {"topK": 1000, "shrink": 1000, "similarity": "asymmetric", "normalize": true, "asymmetric_alpha": 2.0, "feature_weighting": "BM25"}, {"topK": 1000, "shrink": 1000, "similarity": "asymmetric", "normalize": true, "asymmetric_alpha": 0.0, "feature_weighting": "BM25"}, {"topK": 981, "shrink": 809, "similarity": "asymmetric", "normalize": true, "asymmetric_alpha": 1.9388042973304718, "feature_weighting": "BM25"}, {"topK": 1000, "shrink": 0, "similarity": "asymmetric", "normalize": true, "asymmetric_alpha": 2.0, "feature_weighting": "BM25"}, {"topK": 911, "shrink": 1000, "similarity": "asymmetric", "normalize": true, "asymmetric_alpha": 1.5243536410477616, "feature_weighting": "BM25"}, {"topK": 5, "shrink": 0, "similarity": "asymmetric", "normalize": true, "asymmetric_alpha": 0.0, "feature_weighting": "BM25"}, {"topK": 5, "shrink": 1000, "similarity": "asymmetric", "normalize": true, "asymmetric_alpha": 2.0, "feature_weighting": "BM25"}, {"topK": 1000, "shrink": 444, "similarity": "asymmetric", "normalize": true, "asymmetric_alpha": 0.0, "feature_weighting": "BM25"}, {"topK": 5, "shrink": 1000, "similarity": "asymmetric", "normalize": true, "asymmetric_alpha": 0.0, "feature_weighting": "none"}, {"topK": 1000, "shrink": 0, "similarity": "asymmetric", "normalize": true, "asymmetric_alpha": 0.0, "feature_weighting": "none"}, {"topK": 1000, "shrink": 261, "similarity": "asymmetric", "normalize": true, "asymmetric_alpha": 0.0, "feature_weighting": "none"}, {"topK": 712, "shrink": 139, "similarity": "asymmetric", "normalize": true, "asymmetric_alpha": 0.0, "feature_weighting": "none"}, {"topK": 1000, "shrink": 134, "similarity": "asymmetric", "normalize": true, "asymmetric_alpha": 0.3803447719582343, "feature_weighting": "none"}, {"topK": 5, "shrink": 0, "similarity": "asymmetric", "normalize": true, "asymmetric_alpha": 0.0, "feature_weighting": "none"}, {"topK": 858, "shrink": 172, "similarity": "asymmetric", "normalize": true, "asymmetric_alpha": 0.0, "feature_weighting": "none"}, {"topK": 761, "shrink": 552, "similarity": "asymmetric", "normalize": true, "asymmetric_alpha": 0.0, "feature_weighting": "none"}, {"topK": 1000, "shrink": 1000, "similarity": "asymmetric", "normalize": true, "asymmetric_alpha": 0.0, "feature_weighting": "none"}, {"topK": 772, "shrink": 1000, "similarity": "asymmetric", "normalize": true, "asymmetric_alpha": 0.0, "feature_weighting": "none"}, {"topK": 529, "shrink": 1000, "similarity": "asymmetric", "normalize": true, "asymmetric_alpha": 0.0, "feature_weighting": "none"}, {"topK": 1000, "shrink": 685, "similarity": "asymmetric", "normalize": true, "asymmetric_alpha": 0.0, "feature_weighting": "none"}, {"topK": 585, "shrink": 1000, "similarity": "asymmetric", "normalize": true, "asymmetric_alpha": 0.0, "feature_weighting": "none"}, {"topK": 560, "shrink": 1000, "similarity": "asymmetric", "normalize": true, "asymmetric_alpha": 0.0, "feature_weighting": "none"}, {"topK": 583, "shrink": 671, "similarity": "asymmetric", "normalize": true, "asymmetric_alpha": 0.0, "feature_weighting": "none"}, {"topK": 1000, "shrink": 1000, "similarity": "asymmetric", "normalize": true, "asymmetric_alpha": 0.4999139575816347, "feature_weighting": "none"}, {"topK": 551, "shrink": 1000, "similarity": "asymmetric", "normalize": true, "asymmetric_alpha": 0.0, "feature_weighting": "none"}, {"topK": 717, "shrink": 363, "similarity": "asymmetric", "normalize": true, "asymmetric_alpha": 0.0, "feature_weighting": "none"}]