[{"topK": 317, "shrink": 988, "similarity": "asymmetric", "normalize": true, "asymmetric_alpha": 1.80300597465935, "feature_weighting": "TF-IDF"}, {"topK": 120, "shrink": 515, "similarity": "asymmetric", "normalize": true, "asymmetric_alpha": 1.6028477441257805, "feature_weighting": "TF-IDF"}, {"topK": 311, "shrink": 162, "similarity": "asymmetric", "normalize": true, "asymmetric_alpha": 0.21659086218533768, "feature_weighting": "none"}, {"topK": 672, "shrink": 236, "similarity": "asymmetric", "normalize": true, "asymmetric_alpha": 0.06832535205644509, "feature_weighting": "BM25"}, null, null, null, null, null, null, null, null, null, null, null, null, null, null, null, null, null, null, null, null, null, null, null, null, null, null, null, null, null, null, null]