[{"topK": 654, "shrink": 45, "similarity": "asymmetric", "normalize": true, "asymmetric_alpha": 0.7023021288687051, "feature_weighting": "TF-IDF"}, {"topK": 350, "shrink": 618, "similarity": "asymmetric", "normalize": true, "asymmetric_alpha": 0.6117942874956327, "feature_weighting": "BM25"}, {"topK": 892, "shrink": 433, "similarity": "asymmetric", "normalize": true, "asymmetric_alpha": 1.169069549653199, "feature_weighting": "BM25"}, {"topK": 333, "shrink": 624, "similarity": "asymmetric", "normalize": true, "asymmetric_alpha": 0.17246721294250958, "feature_weighting": "TF-IDF"}, {"topK": 295, "shrink": 197, "similarity": "asymmetric", "normalize": true, "asymmetric_alpha": 0.3108993077549476, "feature_weighting": "TF-IDF"}, {"topK": 1000, "shrink": 1000, "similarity": "asymmetric", "normalize": true, "asymmetric_alpha": 0.317964772607306, "feature_weighting": "TF-IDF"}, {"topK": 991, "shrink": 978, "similarity": "asymmetric", "normalize": true, "asymmetric_alpha": 1.690740318336324, "feature_weighting": "none"}, {"topK": 5, "shrink": 308, "similarity": "asymmetric", "normalize": true, "asymmetric_alpha": 0.026945346047119755, "feature_weighting": "none"}, {"topK": 845, "shrink": 1000, "similarity": "asymmetric", "normalize": true, "asymmetric_alpha": 0.0, "feature_weighting": "TF-IDF"}, {"topK": 1000, "shrink": 1000, "similarity": "asymmetric", "normalize": true, "asymmetric_alpha": 0.5293494457351912, "feature_weighting": "TF-IDF"}, {"topK": 1000, "shrink": 1000, "similarity": "asymmetric", "normalize": true, "asymmetric_alpha": 0.0, "feature_weighting": "TF-IDF"}, {"topK": 5, "shrink": 1000, "similarity": "asymmetric", "normalize": true, "asymmetric_alpha": 0.0, "feature_weighting": "none"}, {"topK": 1000, "shrink": 1000, "similarity": "asymmetric", "normalize": true, "asymmetric_alpha": 0.0, "feature_weighting": "TF-IDF"}, {"topK": 1000, "shrink": 1000, "similarity": "asymmetric", "normalize": true, "asymmetric_alpha": 0.0, "feature_weighting": "TF-IDF"}, {"topK": 1000, "shrink": 1000, "similarity": "asymmetric", "normalize": true, "asymmetric_alpha": 0.0, "feature_weighting": "TF-IDF"}, {"topK": 1000, "shrink": 1000, "similarity": "asymmetric", "normalize": true, "asymmetric_alpha": 0.0, "feature_weighting": "TF-IDF"}, {"topK": 1000, "shrink": 1000, "similarity": "asymmetric", "normalize": true, "asymmetric_alpha": 0.0, "feature_weighting": "none"}, {"topK": 1000, "shrink": 1000, "similarity": "asymmetric", "normalize": true, "asymmetric_alpha": 0.0, "feature_weighting": "none"}, {"topK": 1000, "shrink": 1000, "similarity": "asymmetric", "normalize": true, "asymmetric_alpha": 0.0, "feature_weighting": "none"}, {"topK": 1000, "shrink": 1000, "similarity": "asymmetric", "normalize": true, "asymmetric_alpha": 0.0, "feature_weighting": "none"}, {"topK": 1000, "shrink": 1000, "similarity": "asymmetric", "normalize": true, "asymmetric_alpha": 0.0, "feature_weighting": "TF-IDF"}, {"topK": 1000, "shrink": 1000, "similarity": "asymmetric", "normalize": true, "asymmetric_alpha": 0.0, "feature_weighting": "none"}, {"topK": 1000, "shrink": 1000, "similarity": "asymmetric", "normalize": true, "asymmetric_alpha": 0.0, "feature_weighting": "TF-IDF"}, {"topK": 1000, "shrink": 1000, "similarity": "asymmetric", "normalize": true, "asymmetric_alpha": 0.0, "feature_weighting": "TF-IDF"}, {"topK": 1000, "shrink": 1000, "similarity": "asymmetric", "normalize": true, "asymmetric_alpha": 0.0, "feature_weighting": "TF-IDF"}, {"topK": 1000, "shrink": 1000, "similarity": "asymmetric", "normalize": true, "asymmetric_alpha": 0.0, "feature_weighting": "none"}, {"topK": 1000, "shrink": 1000, "similarity": "asymmetric", "normalize": true, "asymmetric_alpha": 0.0, "feature_weighting": "TF-IDF"}, {"topK": 1000, "shrink": 1000, "similarity": "asymmetric", "normalize": true, "asymmetric_alpha": 0.0, "feature_weighting": "none"}, {"topK": 1000, "shrink": 1000, "similarity": "asymmetric", "normalize": true, "asymmetric_alpha": 0.0, "feature_weighting": "none"}, {"topK": 1000, "shrink": 1000, "similarity": "asymmetric", "normalize": true, "asymmetric_alpha": 0.0, "feature_weighting": "TF-IDF"}, {"topK": 1000, "shrink": 1000, "similarity": "asymmetric", "normalize": true, "asymmetric_alpha": 0.0, "feature_weighting": "none"}, {"topK": 1000, "shrink": 1000, "similarity": "asymmetric", "normalize": true, "asymmetric_alpha": 0.0, "feature_weighting": "none"}, {"topK": 1000, "shrink": 1000, "similarity": "asymmetric", "normalize": true, "asymmetric_alpha": 0.0, "feature_weighting": "TF-IDF"}, {"topK": 1000, "shrink": 1000, "similarity": "asymmetric", "normalize": true, "asymmetric_alpha": 0.0, "feature_weighting": "none"}, {"topK": 1000, "shrink": 1000, "similarity": "asymmetric", "normalize": true, "asymmetric_alpha": 0.0, "feature_weighting": "none"}]