[{"topK": 342, "shrink": 743, "similarity": "jaccard", "normalize": false}, {"topK": 309, "shrink": 568, "similarity": "jaccard", "normalize": false}, {"topK": 904, "shrink": 134, "similarity": "jaccard", "normalize": false}, {"topK": 397, "shrink": 148, "similarity": "jaccard", "normalize": true}, {"topK": 401, "shrink": 814, "similarity": "jaccard", "normalize": true}, {"topK": 828, "shrink": 213, "similarity": "jaccard", "normalize": false}, {"topK": 690, "shrink": 650, "similarity": "jaccard", "normalize": false}, {"topK": 551, "shrink": 911, "similarity": "jaccard", "normalize": false}, {"topK": 46, "shrink": 0, "similarity": "jaccard", "normalize": true}, {"topK": 1000, "shrink": 1000, "similarity": "jaccard", "normalize": true}, {"topK": 1000, "shrink": 0, "similarity": "jaccard", "normalize": false}, {"topK": 875, "shrink": 1000, "similarity": "jaccard", "normalize": true}, {"topK": 656, "shrink": 11, "similarity": "jaccard", "normalize": true}, {"topK": 931, "shrink": 13, "similarity": "jaccard", "normalize": true}, {"topK": 938, "shrink": 1000, "similarity": "jaccard", "normalize": false}, {"topK": 962, "shrink": 614, "similarity": "jaccard", "normalize": true}, {"topK": 699, "shrink": 997, "similarity": "jaccard", "normalize": false}, {"topK": 539, "shrink": 22, "similarity": "jaccard", "normalize": false}, {"topK": 5, "shrink": 1000, "similarity": "jaccard", "normalize": false}, {"topK": 849, "shrink": 705, "similarity": "jaccard", "normalize": false}, {"topK": 552, "shrink": 990, "similarity": "jaccard", "normalize": true}, {"topK": 578, "shrink": 367, "similarity": "jaccard", "normalize": true}, {"topK": 232, "shrink": 4, "similarity": "jaccard", "normalize": true}, {"topK": 762, "shrink": 995, "similarity": "jaccard", "normalize": true}, {"topK": 802, "shrink": 3, "similarity": "jaccard", "normalize": false}, {"topK": 998, "shrink": 373, "similarity": "jaccard", "normalize": true}, {"topK": 896, "shrink": 407, "similarity": "jaccard", "normalize": true}, {"topK": 698, "shrink": 303, "similarity": "jaccard", "normalize": false}, {"topK": 1000, "shrink": 728, "similarity": "jaccard", "normalize": false}, {"topK": 776, "shrink": 533, "similarity": "jaccard", "normalize": true}, {"topK": 245, "shrink": 998, "similarity": "jaccard", "normalize": true}, {"topK": 621, "shrink": 792, "similarity": "jaccard", "normalize": true}, {"topK": 929, "shrink": 846, "similarity": "jaccard", "normalize": true}, {"topK": 808, "shrink": 881, "similarity": "jaccard", "normalize": false}, {"topK": 541, "shrink": 421, "similarity": "jaccard", "normalize": false}]