[{"topK": 415, "alpha": 0.6168576514706615, "normalize_similarity": false}, {"topK": 681, "alpha": 1.0047013881239921, "normalize_similarity": true}, {"topK": 890, "alpha": 1.109882622641272, "normalize_similarity": false}, {"topK": 371, "alpha": 1.7899278302535686, "normalize_similarity": false}, {"topK": 888, "alpha": 1.8509461646416636, "normalize_similarity": true}, {"topK": 872, "alpha": 0.0, "normalize_similarity": false}, {"topK": 79, "alpha": 0.0, "normalize_similarity": true}, {"topK": 5, "alpha": 0.24389489708165527, "normalize_similarity": false}, {"topK": 1000, "alpha": 0.35674623984144627, "normalize_similarity": false}, {"topK": 9, "alpha": 1.4446701966884974, "normalize_similarity": true}, {"topK": 985, "alpha": 0.5011587226023085, "normalize_similarity": true}, {"topK": 11, "alpha": 1.9898815980202809, "normalize_similarity": true}, {"topK": 978, "alpha": 0.005990076611882557, "normalize_similarity": true}, {"topK": 7, "alpha": 0.9659856569862673, "normalize_similarity": false}, {"topK": 402, "alpha": 0.0, "normalize_similarity": false}, {"topK": 5, "alpha": 0.709679111197325, "normalize_similarity": true}, {"topK": 1000, "alpha": 1.3463629336725256, "normalize_similarity": true}, {"topK": 985, "alpha": 1.9787330465489494, "normalize_similarity": false}, {"topK": 588, "alpha": 0.3104025497095743, "normalize_similarity": false}, {"topK": 991, "alpha": 0.7057713098585302, "normalize_similarity": false}, {"topK": 5, "alpha": 0.0, "normalize_similarity": false}, {"topK": 1000, "alpha": 0.1571500575139177, "normalize_similarity": false}, {"topK": 310, "alpha": 0.3126026980871451, "normalize_similarity": false}, {"topK": 1000, "alpha": 1.4051343692402902, "normalize_similarity": false}, {"topK": 512, "alpha": 1.615756486966846, "normalize_similarity": true}, {"topK": 791, "alpha": 0.14374363837777704, "normalize_similarity": false}, {"topK": 1000, "alpha": 0.05915541691163654, "normalize_similarity": false}, {"topK": 546, "alpha": 1.997005677558802, "normalize_similarity": true}, {"topK": 501, "alpha": 0.33554239261222635, "normalize_similarity": true}, {"topK": 998, "alpha": 0.8967164084808006, "normalize_similarity": true}, {"topK": 1000, "alpha": 0.0, "normalize_similarity": false}, {"topK": 598, "alpha": 0.49062153870742553, "normalize_similarity": false}, {"topK": 11, "alpha": 1.3242105210963602, "normalize_similarity": false}, {"topK": 9, "alpha": 0.5093210936167359, "normalize_similarity": false}, {"topK": 5, "alpha": 0.442048558950269, "normalize_similarity": false}]