[{"topK": 631, "alpha": 0.1287304123923361, "normalize_similarity": false}, {"topK": 211, "alpha": 0.6822459028726969, "normalize_similarity": true}, {"topK": 28, "alpha": 0.7201324575197322, "normalize_similarity": false}, {"topK": 547, "alpha": 0.04323328018949991, "normalize_similarity": true}, {"topK": 622, "alpha": 1.0397355475345713, "normalize_similarity": false}, {"topK": 87, "alpha": 0.21593431802381102, "normalize_similarity": true}, {"topK": 789, "alpha": 0.0, "normalize_similarity": false}, {"topK": 726, "alpha": 0.10094842141133685, "normalize_similarity": false}, {"topK": 824, "alpha": 0.4082946996610909, "normalize_similarity": true}, {"topK": 1000, "alpha": 2.0, "normalize_similarity": false}, {"topK": 1000, "alpha": 0.0, "normalize_similarity": false}, {"topK": 271, "alpha": 2.0, "normalize_similarity": false}, {"topK": 930, "alpha": 0.1611849893037763, "normalize_similarity": true}, {"topK": 1000, "alpha": 0.6679764934713371, "normalize_similarity": false}, {"topK": 5, "alpha": 2.0, "normalize_similarity": true}, {"topK": 692, "alpha": 0.0, "normalize_similarity": true}, {"topK": 1000, "alpha": 0.8703908929681712, "normalize_similarity": true}, {"topK": 1000, "alpha": 1.3660672789648345, "normalize_similarity": false}, {"topK": 5, "alpha": 1.3003379618937212, "normalize_similarity": false}, {"topK": 705, "alpha": 0.6742374579522213, "normalize_similarity": false}, {"topK": 548, "alpha": 0.35242133728184705, "normalize_similarity": false}, {"topK": 662, "alpha": 0.26419442687114797, "normalize_similarity": false}, {"topK": 443, "alpha": 0.25516666722854786, "normalize_similarity": false}, {"topK": 889, "alpha": 0.0, "normalize_similarity": false}, {"topK": 681, "alpha": 1.5465529664204494, "normalize_similarity": true}, {"topK": 413, "alpha": 0.3777289157791103, "normalize_similarity": false}, {"topK": 751, "alpha": 0.18077529176781812, "normalize_similarity": true}, {"topK": 586, "alpha": 0.1823787396473618, "normalize_similarity": false}, {"topK": 1000, "alpha": 0.49135198921641926, "normalize_similarity": false}, {"topK": 340, "alpha": 0.0, "normalize_similarity": false}, {"topK": 562, "alpha": 2.0, "normalize_similarity": false}, {"topK": 1000, "alpha": 0.013959614396957795, "normalize_similarity": true}, {"topK": 828, "alpha": 0.0, "normalize_similarity": false}, {"topK": 863, "alpha": 0.48887937504430956, "normalize_similarity": false}, {"topK": 395, "alpha": 0.0, "normalize_similarity": false}]