[{"topK": 404, "shrink": 508, "similarity": "cosine", "normalize": true, "feature_weighting": "TF-IDF"}, {"topK": 166, "shrink": 716, "similarity": "cosine", "normalize": false, "feature_weighting": "TF-IDF"}, {"topK": 217, "shrink": 361, "similarity": "cosine", "normalize": true, "feature_weighting": "none"}, {"topK": 360, "shrink": 210, "similarity": "cosine", "normalize": false, "feature_weighting": "TF-IDF"}, {"topK": 189, "shrink": 598, "similarity": "cosine", "normalize": true, "feature_weighting": "none"}, {"topK": 672, "shrink": 978, "similarity": "cosine", "normalize": false, "feature_weighting": "none"}, {"topK": 1000, "shrink": 0, "similarity": "cosine", "normalize": false, "feature_weighting": "BM25"}, {"topK": 281, "shrink": 0, "similarity": "cosine", "normalize": false, "feature_weighting": "none"}, {"topK": 1000, "shrink": 940, "similarity": "cosine", "normalize": true, "feature_weighting": "BM25"}, {"topK": 453, "shrink": 1000, "similarity": "cosine", "normalize": false, "feature_weighting": "none"}, {"topK": 1000, "shrink": 496, "similarity": "cosine", "normalize": false, "feature_weighting": "none"}, {"topK": 770, "shrink": 2, "similarity": "cosine", "normalize": true, "feature_weighting": "BM25"}, {"topK": 1000, "shrink": 488, "similarity": "cosine", "normalize": false, "feature_weighting": "none"}, {"topK": 5, "shrink": 240, "similarity": "cosine", "normalize": false, "feature_weighting": "none"}, {"topK": 980, "shrink": 294, "similarity": "cosine", "normalize": false, "feature_weighting": "none"}, {"topK": 1000, "shrink": 0, "similarity": "cosine", "normalize": false, "feature_weighting": "none"}, {"topK": 5, "shrink": 1000, "similarity": "cosine", "normalize": false, "feature_weighting": "TF-IDF"}, {"topK": 5, "shrink": 0, "similarity": "cosine", "normalize": false, "feature_weighting": "TF-IDF"}, {"topK": 566, "shrink": 946, "similarity": "cosine", "normalize": false, "feature_weighting": "none"}, {"topK": 1000, "shrink": 282, "similarity": "cosine", "normalize": false, "feature_weighting": "TF-IDF"}, {"topK": 1000, "shrink": 128, "similarity": "cosine", "normalize": true, "feature_weighting": "none"}, {"topK": 442, "shrink": 457, "similarity": "cosine", "normalize": false, "feature_weighting": "TF-IDF"}, {"topK": 543, "shrink": 0, "similarity": "cosine", "normalize": false, "feature_weighting": "none"}, {"topK": 1000, "shrink": 399, "similarity": "cosine", "normalize": false, "feature_weighting": "none"}, {"topK": 972, "shrink": 1000, "similarity": "cosine", "normalize": true, "feature_weighting": "none"}, {"topK": 5, "shrink": 501, "similarity": "cosine", "normalize": false, "feature_weighting": "BM25"}, {"topK": 1000, "shrink": 116, "similarity": "cosine", "normalize": false, "feature_weighting": "none"}, {"topK": 1000, "shrink": 422, "similarity": "cosine", "normalize": false, "feature_weighting": "none"}, {"topK": 1000, "shrink": 385, "similarity": "cosine", "normalize": false, "feature_weighting": "none"}, {"topK": 1000, "shrink": 384, "similarity": "cosine", "normalize": false, "feature_weighting": "none"}, {"topK": 1000, "shrink": 384, "similarity": "cosine", "normalize": false, "feature_weighting": "none"}, {"topK": 1000, "shrink": 380, "similarity": "cosine", "normalize": false, "feature_weighting": "none"}, {"topK": 1000, "shrink": 336, "similarity": "cosine", "normalize": false, "feature_weighting": "none"}, {"topK": 1000, "shrink": 61, "similarity": "cosine", "normalize": false, "feature_weighting": "none"}, {"topK": 263, "shrink": 363, "similarity": "cosine", "normalize": false, "feature_weighting": "none"}]