[{"topK": 59, "shrink": 490, "similarity": "cosine", "normalize": true, "feature_weighting": "none"}, {"topK": 690, "shrink": 520, "similarity": "cosine", "normalize": false, "feature_weighting": "TF-IDF"}, {"topK": 512, "shrink": 314, "similarity": "cosine", "normalize": true, "feature_weighting": "TF-IDF"}, {"topK": 915, "shrink": 88, "similarity": "cosine", "normalize": true, "feature_weighting": "TF-IDF"}, {"topK": 717, "shrink": 665, "similarity": "cosine", "normalize": false, "feature_weighting": "TF-IDF"}, {"topK": 5, "shrink": 991, "similarity": "cosine", "normalize": false, "feature_weighting": "none"}, {"topK": 5, "shrink": 917, "similarity": "cosine", "normalize": false, "feature_weighting": "BM25"}, {"topK": 7, "shrink": 241, "similarity": "cosine", "normalize": true, "feature_weighting": "BM25"}, {"topK": 1000, "shrink": 135, "similarity": "cosine", "normalize": false, "feature_weighting": "none"}, {"topK": 1000, "shrink": 657, "similarity": "cosine", "normalize": true, "feature_weighting": "none"}, {"topK": 997, "shrink": 133, "similarity": "cosine", "normalize": false, "feature_weighting": "BM25"}, {"topK": 202, "shrink": 1000, "similarity": "cosine", "normalize": true, "feature_weighting": "TF-IDF"}, {"topK": 5, "shrink": 1000, "similarity": "cosine", "normalize": false, "feature_weighting": "TF-IDF"}, {"topK": 5, "shrink": 0, "similarity": "cosine", "normalize": false, "feature_weighting": "TF-IDF"}, {"topK": 22, "shrink": 12, "similarity": "cosine", "normalize": false, "feature_weighting": "none"}, {"topK": 5, "shrink": 0, "similarity": "cosine", "normalize": false, "feature_weighting": "TF-IDF"}, {"topK": 861, "shrink": 1, "similarity": "cosine", "normalize": true, "feature_weighting": "none"}, {"topK": 5, "shrink": 1000, "similarity": "cosine", "normalize": true, "feature_weighting": "none"}, {"topK": 95, "shrink": 999, "similarity": "cosine", "normalize": true, "feature_weighting": "BM25"}, {"topK": 32, "shrink": 622, "similarity": "cosine", "normalize": false, "feature_weighting": "none"}, {"topK": 5, "shrink": 0, "similarity": "cosine", "normalize": false, "feature_weighting": "TF-IDF"}, {"topK": 24, "shrink": 526, "similarity": "cosine", "normalize": false, "feature_weighting": "BM25"}, {"topK": 995, "shrink": 707, "similarity": "cosine", "normalize": true, "feature_weighting": "TF-IDF"}, {"topK": 5, "shrink": 0, "similarity": "cosine", "normalize": false, "feature_weighting": "TF-IDF"}, {"topK": 5, "shrink": 0, "similarity": "cosine", "normalize": false, "feature_weighting": "TF-IDF"}, {"topK": 906, "shrink": 0, "similarity": "cosine", "normalize": true, "feature_weighting": "BM25"}, {"topK": 983, "shrink": 207, "similarity": "cosine", "normalize": false, "feature_weighting": "TF-IDF"}, {"topK": 40, "shrink": 315, "similarity": "cosine", "normalize": false, "feature_weighting": "none"}, {"topK": 999, "shrink": 993, "similarity": "cosine", "normalize": false, "feature_weighting": "TF-IDF"}, {"topK": 12, "shrink": 284, "similarity": "cosine", "normalize": false, "feature_weighting": "TF-IDF"}, {"topK": 5, "shrink": 307, "similarity": "cosine", "normalize": false, "feature_weighting": "TF-IDF"}, {"topK": 53, "shrink": 388, "similarity": "cosine", "normalize": false, "feature_weighting": "TF-IDF"}, {"topK": 29, "shrink": 303, "similarity": "cosine", "normalize": true, "feature_weighting": "TF-IDF"}, {"topK": 92, "shrink": 93, "similarity": "cosine", "normalize": false, "feature_weighting": "none"}, {"topK": 704, "shrink": 35, "similarity": "cosine", "normalize": true, "feature_weighting": "TF-IDF"}]