[{"topK": 94, "shrink": 897, "similarity": "cosine", "normalize": true, "feature_weighting": "TF-IDF"}, {"topK": 446, "shrink": 903, "similarity": "cosine", "normalize": false, "feature_weighting": "TF-IDF"}, {"topK": 908, "shrink": 588, "similarity": "cosine", "normalize": true, "feature_weighting": "none"}, {"topK": 486, "shrink": 384, "similarity": "cosine", "normalize": false, "feature_weighting": "TF-IDF"}, {"topK": 741, "shrink": 374, "similarity": "cosine", "normalize": true, "feature_weighting": "TF-IDF"}, {"topK": 953, "shrink": 0, "similarity": "cosine", "normalize": false, "feature_weighting": "none"}, {"topK": 1000, "shrink": 893, "similarity": "cosine", "normalize": true, "feature_weighting": "TF-IDF"}, {"topK": 627, "shrink": 0, "similarity": "cosine", "normalize": false, "feature_weighting": "none"}, {"topK": 1000, "shrink": 1000, "similarity": "cosine", "normalize": true, "feature_weighting": "none"}, {"topK": 598, "shrink": 961, "similarity": "cosine", "normalize": false, "feature_weighting": "BM25"}, {"topK": 5, "shrink": 0, "similarity": "cosine", "normalize": false, "feature_weighting": "none"}, {"topK": 5, "shrink": 0, "similarity": "cosine", "normalize": false, "feature_weighting": "BM25"}, {"topK": 1000, "shrink": 0, "similarity": "cosine", "normalize": false, "feature_weighting": "BM25"}, {"topK": 758, "shrink": 23, "similarity": "cosine", "normalize": false, "feature_weighting": "none"}, {"topK": 422, "shrink": 2, "similarity": "cosine", "normalize": false, "feature_weighting": "none"}, {"topK": 1000, "shrink": 0, "similarity": "cosine", "normalize": false, "feature_weighting": "none"}, {"topK": 889, "shrink": 26, "similarity": "cosine", "normalize": false, "feature_weighting": "TF-IDF"}, {"topK": 820, "shrink": 989, "similarity": "cosine", "normalize": false, "feature_weighting": "none"}, {"topK": 995, "shrink": 19, "similarity": "cosine", "normalize": true, "feature_weighting": "TF-IDF"}, {"topK": 867, "shrink": 1000, "similarity": "cosine", "normalize": false, "feature_weighting": "none"}, {"topK": 680, "shrink": 991, "similarity": "cosine", "normalize": false, "feature_weighting": "TF-IDF"}, {"topK": 999, "shrink": 854, "similarity": "cosine", "normalize": false, "feature_weighting": "TF-IDF"}, {"topK": 873, "shrink": 1000, "similarity": "cosine", "normalize": false, "feature_weighting": "TF-IDF"}, {"topK": 628, "shrink": 987, "similarity": "cosine", "normalize": true, "feature_weighting": "none"}, {"topK": 595, "shrink": 0, "similarity": "cosine", "normalize": true, "feature_weighting": "none"}, {"topK": 592, "shrink": 993, "similarity": "cosine", "normalize": true, "feature_weighting": "TF-IDF"}, {"topK": 328, "shrink": 52, "similarity": "cosine", "normalize": false, "feature_weighting": "BM25"}, {"topK": 292, "shrink": 7, "similarity": "cosine", "normalize": true, "feature_weighting": "TF-IDF"}, {"topK": 642, "shrink": 4, "similarity": "cosine", "normalize": false, "feature_weighting": "TF-IDF"}, {"topK": 823, "shrink": 1000, "similarity": "cosine", "normalize": false, "feature_weighting": "TF-IDF"}, {"topK": 819, "shrink": 1000, "similarity": "cosine", "normalize": false, "feature_weighting": "TF-IDF"}, {"topK": 500, "shrink": 984, "similarity": "cosine", "normalize": false, "feature_weighting": "none"}, {"topK": 991, "shrink": 998, "similarity": "cosine", "normalize": false, "feature_weighting": "none"}, {"topK": 990, "shrink": 8, "similarity": "cosine", "normalize": true, "feature_weighting": "none"}, {"topK": 12, "shrink": 18, "similarity": "cosine", "normalize": false, "feature_weighting": "TF-IDF"}]