[{"topK": 65, "shrink": 723, "similarity": "jaccard", "normalize": true}, {"topK": 174, "shrink": 745, "similarity": "jaccard", "normalize": true}, {"topK": 755, "shrink": 988, "similarity": "jaccard", "normalize": true}, {"topK": 34, "shrink": 669, "similarity": "jaccard", "normalize": true}, {"topK": 231, "shrink": 989, "similarity": "jaccard", "normalize": true}, {"topK": 1000, "shrink": 215, "similarity": "jaccard", "normalize": false}, {"topK": 525, "shrink": 278, "similarity": "jaccard", "normalize": false}, {"topK": 924, "shrink": 151, "similarity": "jaccard", "normalize": true}, {"topK": 94, "shrink": 25, "similarity": "jaccard", "normalize": true}, {"topK": 57, "shrink": 867, "similarity": "jaccard", "normalize": true}, {"topK": 934, "shrink": 985, "similarity": "jaccard", "normalize": false}, {"topK": 939, "shrink": 957, "similarity": "jaccard", "normalize": true}, {"topK": 587, "shrink": 990, "similarity": "jaccard", "normalize": false}, {"topK": 92, "shrink": 635, "similarity": "jaccard", "normalize": false}, {"topK": 744, "shrink": 285, "similarity": "jaccard", "normalize": true}, {"topK": 330, "shrink": 3, "similarity": "jaccard", "normalize": false}, {"topK": 414, "shrink": 995, "similarity": "jaccard", "normalize": false}, {"topK": 936, "shrink": 603, "similarity": "jaccard", "normalize": false}, {"topK": 633, "shrink": 4, "similarity": "jaccard", "normalize": false}, {"topK": 146, "shrink": 400, "similarity": "jaccard", "normalize": true}, {"topK": 668, "shrink": 703, "similarity": "jaccard", "normalize": false}, {"topK": 830, "shrink": 671, "similarity": "jaccard", "normalize": false}, {"topK": 7, "shrink": 293, "similarity": "jaccard", "normalize": true}, {"topK": 122, "shrink": 995, "similarity": "jaccard", "normalize": true}, {"topK": 439, "shrink": 8, "similarity": "jaccard", "normalize": true}, {"topK": 105, "shrink": 781, "similarity": "jaccard", "normalize": false}, {"topK": 325, "shrink": 989, "similarity": "jaccard", "normalize": false}, {"topK": 226, "shrink": 1, "similarity": "jaccard", "normalize": true}, {"topK": 820, "shrink": 6, "similarity": "jaccard", "normalize": false}, {"topK": 109, "shrink": 616, "similarity": "jaccard", "normalize": true}, {"topK": 78, "shrink": 489, "similarity": "jaccard", "normalize": false}, {"topK": 96, "shrink": 540, "similarity": "jaccard", "normalize": false}, {"topK": 401, "shrink": 494, "similarity": "jaccard", "normalize": true}, {"topK": 506, "shrink": 987, "similarity": "jaccard", "normalize": true}, {"topK": 999, "shrink": 991, "similarity": "jaccard", "normalize": false}]