[{"topK": 852, "shrink": 320, "similarity": "jaccard", "normalize": false}, {"topK": 775, "shrink": 501, "similarity": "jaccard", "normalize": true}, {"topK": 743, "shrink": 854, "similarity": "jaccard", "normalize": true}, {"topK": 28, "shrink": 428, "similarity": "jaccard", "normalize": true}, {"topK": 185, "shrink": 307, "similarity": "jaccard", "normalize": true}, {"topK": 596, "shrink": 1000, "similarity": "jaccard", "normalize": false}, {"topK": 391, "shrink": 0, "similarity": "jaccard", "normalize": true}, {"topK": 1000, "shrink": 880, "similarity": "jaccard", "normalize": true}, {"topK": 920, "shrink": 580, "similarity": "jaccard", "normalize": true}, {"topK": 662, "shrink": 1000, "similarity": "jaccard", "normalize": false}, {"topK": 5, "shrink": 955, "similarity": "jaccard", "normalize": false}, {"topK": 860, "shrink": 541, "similarity": "jaccard", "normalize": true}, {"topK": 1000, "shrink": 0, "similarity": "jaccard", "normalize": true}, {"topK": 18, "shrink": 624, "similarity": "jaccard", "normalize": true}, {"topK": 976, "shrink": 817, "similarity": "jaccard", "normalize": true}, {"topK": 504, "shrink": 336, "similarity": "jaccard", "normalize": false}, {"topK": 1000, "shrink": 438, "similarity": "jaccard", "normalize": false}, {"topK": 636, "shrink": 701, "similarity": "jaccard", "normalize": false}, {"topK": 1000, "shrink": 1000, "similarity": "jaccard", "normalize": true}, {"topK": 355, "shrink": 599, "similarity": "jaccard", "normalize": true}, {"topK": 500, "shrink": 842, "similarity": "jaccard", "normalize": true}, {"topK": 5, "shrink": 0, "similarity": "jaccard", "normalize": false}, {"topK": 384, "shrink": 1000, "similarity": "jaccard", "normalize": false}, {"topK": 887, "shrink": 958, "similarity": "jaccard", "normalize": false}, {"topK": 322, "shrink": 416, "similarity": "jaccard", "normalize": false}, {"topK": 851, "shrink": 769, "similarity": "jaccard", "normalize": false}, {"topK": 1000, "shrink": 743, "similarity": "jaccard", "normalize": false}, {"topK": 325, "shrink": 781, "similarity": "jaccard", "normalize": false}, {"topK": 495, "shrink": 1000, "similarity": "jaccard", "normalize": true}, {"topK": 496, "shrink": 936, "similarity": "jaccard", "normalize": false}, {"topK": 998, "shrink": 263, "similarity": "jaccard", "normalize": true}, {"topK": 1000, "shrink": 1000, "similarity": "jaccard", "normalize": false}, {"topK": 545, "shrink": 545, "similarity": "jaccard", "normalize": false}, {"topK": 334, "shrink": 221, "similarity": "jaccard", "normalize": false}, {"topK": 712, "shrink": 183, "similarity": "jaccard", "normalize": true}]