[{"topK": 607, "shrink": 346, "similarity": "dice", "normalize": true}, {"topK": 443, "shrink": 600, "similarity": "dice", "normalize": false}, {"topK": 614, "shrink": 178, "similarity": "dice", "normalize": true}, {"topK": 461, "shrink": 542, "similarity": "dice", "normalize": false}, {"topK": 678, "shrink": 973, "similarity": "dice", "normalize": false}, {"topK": 1000, "shrink": 0, "similarity": "dice", "normalize": true}, {"topK": 791, "shrink": 121, "similarity": "dice", "normalize": false}, {"topK": 5, "shrink": 78, "similarity": "dice", "normalize": true}, {"topK": 878, "shrink": 988, "similarity": "dice", "normalize": true}, {"topK": 784, "shrink": 1000, "similarity": "dice", "normalize": true}, {"topK": 238, "shrink": 36, "similarity": "dice", "normalize": true}, {"topK": 939, "shrink": 987, "similarity": "dice", "normalize": false}, {"topK": 731, "shrink": 12, "similarity": "dice", "normalize": true}, {"topK": 996, "shrink": 994, "similarity": "dice", "normalize": false}, {"topK": 573, "shrink": 11, "similarity": "dice", "normalize": false}, {"topK": 849, "shrink": 993, "similarity": "dice", "normalize": false}, {"topK": 1000, "shrink": 0, "similarity": "dice", "normalize": false}, {"topK": 1000, "shrink": 1000, "similarity": "dice", "normalize": true}, {"topK": 457, "shrink": 9, "similarity": "dice", "normalize": true}, {"topK": 914, "shrink": 533, "similarity": "dice", "normalize": true}, {"topK": 760, "shrink": 548, "similarity": "dice", "normalize": false}, {"topK": 249, "shrink": 996, "similarity": "dice", "normalize": true}, {"topK": 873, "shrink": 10, "similarity": "dice", "normalize": true}, {"topK": 818, "shrink": 562, "similarity": "dice", "normalize": true}, {"topK": 544, "shrink": 999, "similarity": "dice", "normalize": true}, {"topK": 794, "shrink": 706, "similarity": "dice", "normalize": false}, {"topK": 337, "shrink": 13, "similarity": "dice", "normalize": false}, {"topK": 619, "shrink": 988, "similarity": "dice", "normalize": false}, {"topK": 125, "shrink": 997, "similarity": "dice", "normalize": false}, {"topK": 940, "shrink": 5, "similarity": "dice", "normalize": false}, {"topK": 966, "shrink": 791, "similarity": "dice", "normalize": true}, {"topK": 671, "shrink": 13, "similarity": "dice", "normalize": false}, {"topK": 356, "shrink": 981, "similarity": "dice", "normalize": true}, {"topK": 998, "shrink": 408, "similarity": "dice", "normalize": false}, {"topK": 632, "shrink": 726, "similarity": "dice", "normalize": true}]