[{"topK": 743, "shrink": 7, "similarity": "dice", "normalize": false}, {"topK": 846, "shrink": 497, "similarity": "dice", "normalize": true}, {"topK": 240, "shrink": 247, "similarity": "dice", "normalize": false}, {"topK": 990, "shrink": 380, "similarity": "dice", "normalize": true}, {"topK": 928, "shrink": 442, "similarity": "dice", "normalize": false}, {"topK": 308, "shrink": 1000, "similarity": "dice", "normalize": true}, {"topK": 23, "shrink": 778, "similarity": "dice", "normalize": false}, {"topK": 5, "shrink": 588, "similarity": "dice", "normalize": false}, {"topK": 819, "shrink": 898, "similarity": "dice", "normalize": true}, {"topK": 1000, "shrink": 710, "similarity": "dice", "normalize": true}, {"topK": 1000, "shrink": 1000, "similarity": "dice", "normalize": true}, {"topK": 770, "shrink": 8, "similarity": "dice", "normalize": true}, {"topK": 685, "shrink": 1000, "similarity": "dice", "normalize": false}, {"topK": 1000, "shrink": 854, "similarity": "dice", "normalize": false}, {"topK": 1000, "shrink": 573, "similarity": "dice", "normalize": true}, {"topK": 1000, "shrink": 923, "similarity": "dice", "normalize": true}, {"topK": 841, "shrink": 797, "similarity": "dice", "normalize": true}, {"topK": 5, "shrink": 51, "similarity": "dice", "normalize": true}, {"topK": 439, "shrink": 660, "similarity": "dice", "normalize": false}, {"topK": 498, "shrink": 1000, "similarity": "dice", "normalize": false}, {"topK": 639, "shrink": 724, "similarity": "dice", "normalize": false}, {"topK": 903, "shrink": 1000, "similarity": "dice", "normalize": false}, {"topK": 407, "shrink": 300, "similarity": "dice", "normalize": true}, {"topK": 291, "shrink": 633, "similarity": "dice", "normalize": true}, {"topK": 320, "shrink": 2, "similarity": "dice", "normalize": true}, {"topK": 367, "shrink": 473, "similarity": "dice", "normalize": false}, {"topK": 399, "shrink": 843, "similarity": "dice", "normalize": true}, {"topK": 11, "shrink": 996, "similarity": "dice", "normalize": true}, {"topK": 618, "shrink": 473, "similarity": "dice", "normalize": false}, {"topK": 999, "shrink": 206, "similarity": "dice", "normalize": false}, {"topK": 673, "shrink": 882, "similarity": "dice", "normalize": false}, {"topK": 756, "shrink": 295, "similarity": "dice", "normalize": true}, {"topK": 833, "shrink": 651, "similarity": "dice", "normalize": false}, {"topK": 267, "shrink": 804, "similarity": "dice", "normalize": false}, {"topK": 993, "shrink": 1, "similarity": "dice", "normalize": false}]