[{"topK": 977, "shrink": 196, "similarity": "tversky", "normalize": true, "tversky_alpha": 1.0642478319675057, "tversky_beta": 0.4224529969670584}, {"topK": 215, "shrink": 229, "similarity": "tversky", "normalize": true, "tversky_alpha": 0.611292469513515, "tversky_beta": 0.761587334658915}, {"topK": 221, "shrink": 88, "similarity": "tversky", "normalize": true, "tversky_alpha": 1.0523492083112937, "tversky_beta": 1.8662188100261325}, {"topK": 735, "shrink": 695, "similarity": "tversky", "normalize": true, "tversky_alpha": 0.904869048804416, "tversky_beta": 1.7183933611178972}, {"topK": 673, "shrink": 452, "similarity": "tversky", "normalize": true, "tversky_alpha": 1.5326102456797752, "tversky_beta": 1.3062104780881678}, {"topK": 808, "shrink": 0, "similarity": "tversky", "normalize": true, "tversky_alpha": 0.0, "tversky_beta": 0.0}, {"topK": 862, "shrink": 1000, "similarity": "tversky", "normalize": true, "tversky_alpha": 2.0, "tversky_beta": 0.0}, {"topK": 862, "shrink": 23, "similarity": "tversky", "normalize": true, "tversky_alpha": 0.00929711174954573, "tversky_beta": 1.9950695718249227}, {"topK": 541, "shrink": 79, "similarity": "tversky", "normalize": true, "tversky_alpha": 0.01606015915319348, "tversky_beta": 1.9111815187880505}, {"topK": 5, "shrink": 205, "similarity": "tversky", "normalize": true, "tversky_alpha": 0.7309092526893545, "tversky_beta": 1.7790474013113406}, {"topK": 442, "shrink": 829, "similarity": "tversky", "normalize": true, "tversky_alpha": 1.9644761044168209, "tversky_beta": 0.06211704935589203}, {"topK": 666, "shrink": 890, "similarity": "tversky", "normalize": true, "tversky_alpha": 0.08733014975380173, "tversky_beta": 0.05088578100431575}, {"topK": 998, "shrink": 993, "similarity": "tversky", "normalize": true, "tversky_alpha": 0.7835787283273985, "tversky_beta": 1.7957252075985146}, {"topK": 763, "shrink": 0, "similarity": "tversky", "normalize": true, "tversky_alpha": 2.0, "tversky_beta": 0.0}, {"topK": 1000, "shrink": 1000, "similarity": "tversky", "normalize": true, "tversky_alpha": 2.0, "tversky_beta": 2.0}, {"topK": 1000, "shrink": 0, "similarity": "tversky", "normalize": true, "tversky_alpha": 0.0, "tversky_beta": 0.0}, {"topK": 1000, "shrink": 517, "similarity": "tversky", "normalize": true, "tversky_alpha": 0.0, "tversky_beta": 0.0}, {"topK": 691, "shrink": 0, "similarity": "tversky", "normalize": true, "tversky_alpha": 0.0, "tversky_beta": 0.0}, {"topK": 569, "shrink": 0, "similarity": "tversky", "normalize": true, "tversky_alpha": 0.8577433247809293, "tversky_beta": 0.0}, {"topK": 735, "shrink": 370, "similarity": "tversky", "normalize": true, "tversky_alpha": 0.0, "tversky_beta": 0.0}, {"topK": 658, "shrink": 0, "similarity": "tversky", "normalize": true, "tversky_alpha": 0.0, "tversky_beta": 2.0}, {"topK": 674, "shrink": 1000, "similarity": "tversky", "normalize": true, "tversky_alpha": 2.0, "tversky_beta": 2.0}, {"topK": 1000, "shrink": 633, "similarity": "tversky", "normalize": true, "tversky_alpha": 2.0, "tversky_beta": 0.0}, {"topK": 732, "shrink": 715, "similarity": "tversky", "normalize": true, "tversky_alpha": 2.0, "tversky_beta": 0.0}, {"topK": 465, "shrink": 1000, "similarity": "tversky", "normalize": true, "tversky_alpha": 0.0, "tversky_beta": 2.0}, {"topK": 645, "shrink": 1000, "similarity": "tversky", "normalize": true, "tversky_alpha": 1.2445943720801491, "tversky_beta": 0.0}, {"topK": 567, "shrink": 556, "similarity": "tversky", "normalize": true, "tversky_alpha": 0.0, "tversky_beta": 2.0}, {"topK": 1000, "shrink": 1000, "similarity": "tversky", "normalize": true, "tversky_alpha": 0.0, "tversky_beta": 0.0}, {"topK": 919, "shrink": 0, "similarity": "tversky", "normalize": true, "tversky_alpha": 0.0, "tversky_beta": 0.0}, {"topK": 1000, "shrink": 1000, "similarity": "tversky", "normalize": true, "tversky_alpha": 1.305662341475816, "tversky_beta": 0.0}, {"topK": 840, "shrink": 998, "similarity": "tversky", "normalize": true, "tversky_alpha": 0.02960107682526681, "tversky_beta": 1.220244665643379}, {"topK": 1000, "shrink": 0, "similarity": "tversky", "normalize": true, "tversky_alpha": 2.0, "tversky_beta": 1.5024399845471117}, {"topK": 39, "shrink": 995, "similarity": "tversky", "normalize": true, "tversky_alpha": 1.9112393898472027, "tversky_beta": 0.732926322440527}, {"topK": 1000, "shrink": 125, "similarity": "tversky", "normalize": true, "tversky_alpha": 0.0, "tversky_beta": 0.0}, {"topK": 841, "shrink": 418, "similarity": "tversky", "normalize": true, "tversky_alpha": 1.9976010901359513, "tversky_beta": 0.2744273424243325}]